"","n_exp","c","fi","evsi","type"
"1",1,1,0,0.0284760318417533,"sample"
"2",2,2,0.05,0.0435532111508265,"sample"
"3",3,3,0.1,0.0379849502329206,"sample"
"4",4,4,0.15,0.0423172739985129,"sample"
"5",5,5,0.2,0.0644073000490838,"sample"
"6",6,6,0.25,0.057329659584775,"sample"
"7",7,7,0.3,0.0828000325342985,"sample"
"8",8,8,0.35,0.0549241534618067,"sample"
"9",9,9,0.4,0.0124614781201891,"sample"
"10",10,10,0.45,0.073324961707392,"sample"
"11",11,11,0.5,0.103548240465044,"sample"
"12",12,12,0.55,0.116184395519102,"sample"
"13",13,13,0.6,0.103456873921458,"sample"
"14",14,1,0.65,0.0706776166808778,"sample"
"15",15,2,0.7,0.155989058773266,"sample"
"16",16,3,0.75,0.114161426898605,"sample"
"17",17,4,0.8,0.111291377809174,"sample"
"18",18,5,0.85,0.130671345281766,"sample"
"19",19,6,0.9,0.0986135218895603,"sample"
"20",20,7,0.95,0.135861656194261,"sample"
"21",21,8,1,0.0928172591258357,"sample"
"22",22,9,0,0.0311464326584977,"sample"
"23",23,10,0.05,0.0338021506768038,"sample"
"24",24,11,0.1,0.0211852503317373,"sample"
"25",25,12,0.15,0.0331818198252704,"sample"
"26",26,13,0.2,0.0564917729384333,"sample"
"27",27,1,0.25,0.0572927951042033,"sample"
"28",28,2,0.3,0.109997479127604,"sample"
"29",29,3,0.35,0.0493462358271414,"sample"
"30",30,4,0.4,0.0137954873292614,"sample"
"31",31,5,0.45,0.0859680006274887,"sample"
"32",32,6,0.5,0.101748118289202,"sample"
"33",33,7,0.55,0.161156638627398,"sample"
"34",34,8,0.6,0.106673837339983,"sample"
"35",35,9,0.65,0.108665868409659,"sample"
"36",36,10,0.7,0.100654663708337,"sample"
"37",37,11,0.75,0.0977960199418123,"sample"
"38",38,12,0.8,0.10868054221204,"sample"
"39",39,13,0.85,0.0989595363531223,"sample"
"40",40,1,0.9,0.0611697869099656,"sample"
"41",41,2,0.95,0.127235309818911,"sample"
"42",42,3,1,0.105915984096804,"sample"
"43",43,4,0,0.0295610092859192,"sample"
"44",44,5,0.05,0.0313910126103253,"sample"
"45",45,6,0.1,0.0212403778235412,"sample"
"46",46,7,0.15,0.0682084223138039,"sample"
"47",47,8,0.2,0.0474822838069077,"sample"
"48",48,9,0.25,0.0487330934584019,"sample"
"49",49,10,0.3,0.0729747410590333,"sample"
"50",50,11,0.35,0.0549997290122144,"sample"
"51",51,12,0.4,0.0126998993299103,"sample"
"52",52,13,0.45,0.0741453924640761,"sample"
"53",53,1,0.5,0.0696751377378706,"sample"
"54",54,2,0.55,0.15793934944593,"sample"
"55",55,3,0.6,0.111350587589684,"sample"
"56",56,4,0.65,0.112436525055747,"sample"
"57",57,5,0.7,0.135467460940833,"sample"
"58",58,6,0.75,0.0971057436426963,"sample"
"59",59,7,0.8,0.139446144903002,"sample"
"60",60,8,0.85,0.0998650513687697,"sample"
"61",61,9,0.9,0.0992638701255416,"sample"
"62",62,10,0.95,0.0996042929013185,"sample"
"63",63,11,1,0.09350677732399,"sample"
"64",64,12,0,0.0299040940144827,"sample"
"65",65,13,0.05,0.0392081747752472,"sample"
"66",66,1,0.1,0.0330545853614902,"sample"
"67",67,2,0.15,0.0886950327179588,"sample"
"68",68,3,0.2,0.0503697808503258,"sample"
"69",69,4,0.25,0.0708860739695389,"sample"
"70",70,5,0.3,0.0766738328367197,"sample"
"71",71,6,0.35,0.0523850367453474,"sample"
"72",72,7,0.4,0.0133327133833824,"sample"
"73",73,8,0.45,0.0703166020787193,"sample"
"74",74,9,0.5,0.0960392620266709,"sample"
"75",75,10,0.55,0.105894838642667,"sample"
"76",76,11,0.6,0.0988408477208291,"sample"
"77",77,12,0.65,0.101666343911817,"sample"
"78",78,13,0.7,0.0979100154529566,"sample"
"79",79,1,0.75,0.0639475748429362,"sample"
"80",80,2,0.8,0.139520338309338,"sample"
"81",81,3,0.85,0.110877668910442,"sample"
"82",82,4,0.9,0.106914312887516,"sample"
"83",83,5,0.95,0.126337157481145,"sample"
"84",84,6,1,0.0974215902608865,"sample"
"85",85,7,0,0.0368426626559447,"sample"
"86",86,8,0.05,0.0364181644802037,"sample"
"87",87,9,0.1,0.0268968656330177,"sample"
"88",88,10,0.15,0.038209782457382,"sample"
"89",89,11,0.2,0.0506328891932799,"sample"
"90",90,12,0.25,0.0609816506998372,"sample"
"91",91,13,0.3,0.0693843092475603,"sample"
"92",92,1,0.35,0.0621506419667149,"sample"
"93",93,2,0.4,0.0127948110285444,"sample"
"94",94,3,0.45,0.0749619730673183,"sample"
"95",95,4,0.5,0.104708248843974,"sample"
"96",96,5,0.55,0.130693821206961,"sample"
"97",97,6,0.6,0.104266426919326,"sample"
"98",98,7,0.65,0.143833291139184,"sample"
"99",99,8,0.7,0.102305554551071,"sample"
"100",100,9,0.75,0.103072662932948,"sample"
"101",101,10,0.8,0.101391286247062,"sample"
"102",102,11,0.85,0.0945932500174774,"sample"
"103",103,12,0.9,0.0993350387960782,"sample"
"104",104,13,0.95,0.0909056028944726,"sample"
"105",105,1,1,0.0573401070746305,"sample"
"106",106,2,0,0.0311906437656054,"sample"
"107",107,3,0.05,0.0379315129024145,"sample"
"108",108,4,0.1,0.0310368879244997,"sample"
"109",109,5,0.15,0.047800847722652,"sample"
"110",110,6,0.2,0.0476965980384095,"sample"
"111",111,7,0.25,0.0911762780738235,"sample"
"112",112,8,0.3,0.0633786847516627,"sample"
"113",113,9,0.35,0.046008260403656,"sample"
"114",114,10,0.4,0.0130444936404096,"sample"
"115",115,11,0.45,0.0716330243282715,"sample"
"116",116,12,0.5,0.100316902965372,"sample"
"117",117,13,0.55,0.0923551817690536,"sample"
"118",118,1,0.6,0.0735377995302903,"sample"
"119",119,2,0.65,0.15827841859125,"sample"
"120",120,3,0.7,0.112943197803239,"sample"
"121",121,4,0.75,0.113036470823572,"sample"
"122",122,5,0.8,0.133554428505556,"sample"
"123",123,6,0.85,0.0933052846561694,"sample"
"124",124,7,0.9,0.142314284685132,"sample"
"125",125,8,0.95,0.0929716674475587,"sample"
"126",126,9,1,0.100104459636218,"sample"
"127",127,10,0,0.028822406830532,"sample"
"128",128,11,0.05,0.0364824349263819,"sample"
"129",129,12,0.1,0.0218649245281754,"sample"
"130",130,13,0.15,0.036051772267195,"sample"
"131",131,1,0.2,0.0524366151271503,"sample"
"132",132,2,0.25,0.107699139449685,"sample"
"133",133,3,0.3,0.063901878922705,"sample"
"134",134,4,0.35,0.062520307464951,"sample"
"135",135,5,0.4,0.0132586603068003,"sample"
"136",136,6,0.45,0.0749608524674703,"sample"
"137",137,7,0.5,0.152839562890087,"sample"
"138",138,8,0.55,0.115482329650898,"sample"
"139",139,9,0.6,0.105293665177388,"sample"
"140",140,10,0.65,0.0950461903106814,"sample"
"141",141,11,0.7,0.0958043709441878,"sample"
"142",142,12,0.75,0.110050566993858,"sample"
"143",143,13,0.8,0.0946652157579954,"sample"
"144",144,1,0.85,0.0613933627617259,"sample"
"145",145,2,0.9,0.130990574954961,"sample"
"146",146,3,0.95,0.102791404922707,"sample"
"147",147,4,1,0.106380297247536,"sample"
"148",148,5,0,0.0332461954420476,"sample"
"149",149,6,0.05,0.0368124998812894,"sample"
"150",150,7,0.1,0.0428942818379535,"sample"
"151",151,8,0.15,0.0348423245384862,"sample"
"152",152,9,0.2,0.0458367259007061,"sample"
"153",153,10,0.25,0.0714091588883689,"sample"
"154",154,11,0.3,0.0673723717658777,"sample"
"155",155,12,0.35,0.0364467330523526,"sample"
"156",156,13,0.4,0.0120459210470283,"sample"
"157",157,1,0.45,0.052721194040244,"sample"
"158",158,2,0.5,0.162019087711026,"sample"
"159",159,3,0.55,0.119091292697699,"sample"
"160",160,4,0.6,0.117629137308122,"sample"
"161",161,5,0.65,0.132881505011474,"sample"
"162",162,6,0.7,0.101526336367679,"sample"
"163",163,7,0.75,0.145047770240414,"sample"
"164",164,8,0.8,0.0985534335712907,"sample"
"165",165,9,0.85,0.104424174090061,"sample"
"166",166,10,0.9,0.0966256123085353,"sample"
"167",167,11,0.95,0.0923052192722157,"sample"
"168",168,12,1,0.100060025967979,"sample"
"169",169,13,0,0.0303954716337217,"sample"
"170",170,1,0.05,0.0302900414282383,"sample"
"171",171,2,0.1,0.0671983383067263,"sample"
"172",172,3,0.15,0.0377010432637996,"sample"
"173",173,4,0.2,0.052582225878535,"sample"
"174",174,5,0.25,0.0726506427813695,"sample"
"175",175,6,0.3,0.0617138991627421,"sample"
"176",176,7,0.35,0.0606838657518359,"sample"
"177",177,8,0.4,0.0110640708356448,"sample"
"178",178,9,0.45,0.072100512186544,"sample"
"179",179,10,0.5,0.100231569406645,"sample"
"180",180,11,0.55,0.100820772411744,"sample"
"181",181,12,0.6,0.106466929014329,"sample"
"182",182,13,0.65,0.100106259797877,"sample"
"183",183,1,0.7,0.0651629870511449,"sample"
"184",184,2,0.75,0.145014053002748,"sample"
"185",185,3,0.8,0.110914269264064,"sample"
"186",186,4,0.85,0.111820545688658,"sample"
"187",187,5,0.9,0.127131802227198,"sample"
"188",188,6,0.95,0.0936452648060402,"sample"
"189",189,7,1,0.135222344771674,"sample"
"190",190,8,0,0.0272881246512186,"sample"
"191",191,9,0.05,0.0396236548373869,"sample"
"192",192,10,0.1,0.025364950869697,"sample"
"193",193,11,0.15,0.035382282960932,"sample"
"194",194,12,0.2,0.0499833441416682,"sample"
"195",195,13,0.25,0.0665283727567477,"sample"
"196",196,1,0.3,0.0682553616226048,"sample"
"197",197,2,0.35,0.0867825070846383,"sample"
"198",198,3,0.4,0.0123039140127349,"sample"
"199",199,4,0.45,0.0851955446918343,"sample"
"200",200,5,0.5,0.130494077269967,"sample"
"201",201,6,0.55,0.103055030923681,"sample"
"202",202,7,0.6,0.14769824774809,"sample"
"203",203,8,0.65,0.106465144939349,"sample"
"204",204,9,0.7,0.106255857183993,"sample"
"205",205,10,0.75,0.0992722152272514,"sample"
"206",206,11,0.8,0.0981461828117864,"sample"
"207",207,12,0.85,0.102244950803258,"sample"
"208",208,13,0.9,0.0918936066873721,"sample"
"209",209,1,0.95,0.0578626418489179,"sample"
"210",210,2,1,0.121324374017468,"sample"
"211",211,3,0,0.0290865715543033,"sample"
"212",212,4,0.05,0.0383521618512867,"sample"
"213",213,5,0.1,0.0305864809434464,"sample"
"214",214,6,0.15,0.0313437374965435,"sample"
"215",215,7,0.2,0.083035185194195,"sample"
"216",216,8,0.25,0.0555674999076653,"sample"
"217",217,9,0.3,0.0567211102745457,"sample"
"218",218,10,0.35,0.0652394003685,"sample"
"219",219,11,0.4,0.011885408633401,"sample"
"220",220,12,0.45,0.0683076820192243,"sample"
"221",221,13,0.5,0.0893902077208122,"sample"
"222",222,1,0.55,0.0683271678698585,"sample"
"223",223,2,0.6,0.154626621754262,"sample"
"224",224,3,0.65,0.107783176977562,"sample"
"225",225,4,0.7,0.114993759423297,"sample"
"226",226,5,0.75,0.13672147063209,"sample"
"227",227,6,0.8,0.0956887136163015,"sample"
"228",228,7,0.85,0.140056071275787,"sample"
"229",229,8,0.9,0.0966094944807518,"sample"
"230",230,9,0.95,0.0981816169424014,"sample"
"231",231,10,1,0.0988268498686348,"sample"
"232",232,11,0,0.0304560364041515,"sample"
"233",233,12,0.05,0.0377179333964007,"sample"
"234",234,13,0.1,0.0236372828181358,"sample"
"235",235,1,0.15,0.0420323399610183,"sample"
"236",236,2,0.2,0.103341072979794,"sample"
"237",237,3,0.25,0.0613118796840708,"sample"
"238",238,4,0.3,0.0705666265872617,"sample"
"239",239,5,0.35,0.0609817532007127,"sample"
"240",240,6,0.4,0.0123378889041518,"sample"
"241",241,7,0.45,0.105398971160558,"sample"
"242",242,8,0.5,0.103616776748008,"sample"
"243",243,9,0.55,0.108659207009615,"sample"
"244",244,10,0.6,0.0982163139387748,"sample"
"245",245,11,0.65,0.101901828861432,"sample"
"246",246,12,0.7,0.107385076267484,"sample"
"247",247,13,0.75,0.0980362635521684,"sample"
"248",248,1,0.8,0.0636871716966823,"sample"
"249",249,2,0.85,0.132931983316312,"sample"
"250",250,3,0.9,0.10382092837614,"sample"
"251",251,4,0.95,0.106680186200532,"sample"
"252",252,5,1,0.130788557511163,"sample"
"253",253,6,0,0.0302782567003434,"sample"
"254",254,7,0.05,0.0387476370314428,"sample"
"255",255,8,0.1,0.0292031993934975,"sample"
"256",256,9,0.15,0.0320007015908354,"sample"
"257",257,10,0.2,0.0566092391848664,"sample"
"258",258,11,0.25,0.0625194609620053,"sample"
"259",259,12,0.3,0.0680217672698066,"sample"
"260",260,13,0.35,0.0530465931401359,"sample"
"261",261,1,0.4,0.0129648731320642,"sample"
"262",262,2,0.45,0.119204449965577,"sample"
"263",263,3,0.5,0.102991912995927,"sample"
"264",264,4,0.55,0.113895420870644,"sample"
"265",265,5,0.6,0.12478473334015,"sample"
"266",266,6,0.65,0.106555690113154,"sample"
"267",267,7,0.7,0.143038365504875,"sample"
"268",268,8,0.75,0.102107493995734,"sample"
"269",269,9,0.8,0.102056675947294,"sample"
"270",270,10,0.85,0.098807700620334,"sample"
"271",271,11,0.9,0.0946575678655252,"sample"
"272",272,12,0.95,0.102731562124159,"sample"
"273",273,13,1,0.094522821803378,"sample"
