ID,Compound,smiles
1,5-phenylpentanol,C1=CC=C(C=C1)CCCCCO
2,trans-stilbene,C1=CC=C(C=C1)/C=C/C2=CC=CC=C2
3,Butyl phenyl ether,CCCCOC1=CC=CC=C1
4,toluene,CC1=CC=CC=C1
5,cis-chalcone,C1=CC=C(C=C1)/C=C\C(=O)C2=CC=CC=C2
6,ethylbenzene,CCC1=CC=CC=C1
7,Nitrocyclohexane,C1CCC(CC1)[N+](=O)[O-]
8,trans-chalcone,C1=CC=C(C=C1)/C=C/C(=O)C2=CC=CC=C2
9,butyrophenone,CCCC(=O)C1=CC=CC=C1
10,cis-stilbene,C1=CC=C(C=C1)/C=C\C2=CC=CC=C2
11,p-nitrophenol,C1=CC(=CC=C1[N+](=O)[O-])O
12,acetophenone,CC(=O)C1=CC=CC=C1
13,benzonitrile,C1=CC=C(C=C1)C#N
14,anisole,COC1=CC=CC=C1
15,"2,3-dihydroxynaphthalene",C1=CC=C2C=C(C(=CC2=C1)O)O
16,3-Nitrophenol,C1=CC(=CC(=C1)O)[N+](=O)[O-]
17,"2,5-dinitrophenol",C1=CC(=C(C=C1[N+](=O)[O-])O)[N+](=O)[O-]
18,"2,4-dinitrophenol",C1=CC(=C(C=C1[N+](=O)[O-])[N+](=O)[O-])O
19,"1,3-dihydroxynaphthalene",C1=CC=C2C(=C1)C=C(C=C2O)O
20,"5,5-diphenylhydantoin",C1=CC=C(C=C1)C2(C(=O)NC(=O)N2)C3=CC=CC=C3
21,4-n-butylbenzoic acid,CCCCC1=CC=C(C=C1)C(=O)O
22,mefenamic acid,CC1=C(C(=CC=C1)NC2=CC=CC=C2C(=O)O)C
23,quinizarin,C1=CC=C2C(=C1)C(=O)C3=C(C=CC(=C3C2=O)O)O
24,4-n-heptylaniline,CCCCCCCC1=CC=C(C=C1)N
25,4-n-hexylaniline,CCCCCCC1=CC=C(C=C1)N
26,4-n-pentylaniline,CCCCCC1=CC=C(C=C1)N
27,N-butylaniline,CCCCNC1=CC=CC=C1
28,N-propylaniline,CCCNC1=CC=CC=C1
29,N-ethylaniline,CCNC1=CC=CC=C1
30,"4,4'-dipyridyl",C1=CN=CC=C1C2=CC=NC=C2
31,berberine,COC1=C(C2=C[N+]3=C(C=C2C=C1)C4=CC5=C(C=C4CC3)OCO5)OC
32,Benzyltrimethylammonium chloride,C[N+](C)(C)CC1=CC=CC=C1
33,nortriptyline,CNCCC=C1C2=CC=CC=C2CCC3=CC=CC=C31
34,amitriptyline,CN(C)CCC=C1C2=CC=CC=C2CCC3=CC=CC=C31
35,"2,2'-dipyridyl",C1=CC=NC(=C1)C2=CC=CC=N2
36,Lin-cis-D-1,C1[C@H](CC(O)=O)CC[C@H](C2C3C=C(F)C=CC=3N=CC=2)C1
37,Lin-cis-A,C1[C@H](CC(N2C(=O)OC[C@@H]2C2C=CC=CC=2)=O)CC[C@H](C2C3C=C(F)C=CC=3N=CC=2)C1
38,Lin-cis-B-1,C[C@@H]([C@@]1(CC[C@@](C2C3C=C(F)C=CC=3N=CC=2)([H])CC1)[H])C(N1C(=O)OC[C@@H]1C1C=CC=CC=1)=O
39,Lin-trans-D,C1[C@@H](CC(O)=O)CC[C@H](C2C3C=C(F)C=CC=3N=CC=2)C1
40,Lin-trans-C,C[C@@H](C(NC1C=CC(Cl)=CC=1)=O)C1([H])CC[C@H](C2C3C=C(F)C=CC=3N=CC=2)CC1
41,Lin-trans-BMS-B,C[C@@H](C(N1C(=O)OC[C@@H]1C1C=CC=CC=1)=O)[C@@]1([H])CC[C@H](C2C3C=C(F)C=CC=3N=CC=2)CC1
42,Lin-trans-A,C1[C@@H](CC(N2C(=O)OC[C@H]2C2C=CC=CC=2)=O)CC[C@H](C2C3C=C(F)C=CC=3N=CC=2)C1
43,Lin-cis-C-2,C[C@H]([C@@]1(CC[C@@](C2C3C=C(F)C=CC=3N=CC=2)([H])CC1)[H])C(NC1C=CC(Cl)=CC=1)=O
44,aripiprazole,C1CC(=O)NC2=C1C=CC(=C2)OCCCCN3CCN(CC3)C4=C(C(=CC=C4)Cl)Cl
45,Lin-cis-C-1,C[C@H]([C@@]1(CC[C@@](C2C3C=C(F)C=CC=3N=CC=2)([H])CC1)[H])C(NC1C=CC(Cl)=CC=1)=O
46,Lin-E,C1CC(=O)CCC1C2=C3C=C(C=CC3=NC=C2)F
47,Lin-cis-F,C[C@H](C(O)=O)[C@@]1(CC[C@@](C2C3C=C(F)C=CC=3N=CC=2)([H])CC1)[H]
48,Lin-cis-H,C(C(NC1C=CC(Cl)=CC=1)=O)[C@@]1(CC[C@@](C2C3C=C(F)C=CC=3N=CC=2)([H])CC1)[H]
49,Lin-cis-I,C[C@@H](C(N[C@H](C1C=CC=CC=1)CO)=O)[C@@H]1CC[C@H](C2C=CN=C3C=2C=C(F)C=C3)CC1
50,Lin-cis-J,[C@@H](C)(C(NC1C=CC(Cl)=CC=1)=O)[C@@]1(CC[C@@](C2C3C=C(OCC)C=CC=3N=CC=2)([H])CC1)[H]
51,dasatinib,CC1=C(C(=CC=C1)Cl)NC(=O)C2=CN=C(S2)NC3=CC(=NC(=N3)C)N4CCN(CC4)CCO
52,DimethylFumarate,O=C(OC)\C=C\C(=O)OC
53,Lin-cis-G,C[C@H](C(NC1C=CC(Cl)=CC=1)=O)[C@@]1(CC[C@@](C2C3C=CC=CC=3N=CC=2)([H])CC1)[H]
54,Glecaprevir,CC1(CC1)S(=O)(=O)NC(=O)[C@]2(C[C@H]2C(F)F)NC(=O)[C@@H]3C[C@@H]4CN3C(=O)[C@@H](NC(=O)O[C@@H]5CCC[C@H]5OC/C=C/C(C6=NC7=CC=CC=C7N=C6O4)(F)F)C(C)(C)C
55,Regorafenib,CNC(=O)C1=NC=CC(=C1)OC2=CC(=C(C=C2)NC(=O)NC3=CC(=C(C=C3)Cl)C(F)(F)F)F
56,Risperidone,CC1=C(C(=O)N2CCCCC2=N1)CCN3CCC(CC3)C4=NOC5=C4C=CC(=C5)F
57,Rosuvastatin,CC(C)C1=NC(=NC(=C1/C=C/[C@H](C[C@H](CC(=O)O)O)O)C2=CC=C(C=C2)F)N(C)S(=O)(=O)C
58,"1,4-dichlorobenzene",C1=CC(=CC=C1Cl)Cl
59,1-naphthol,C1=CC=C2C(=C1)C=CC=C2O
60,"2,2'-dinaphthylether",C1=CC=C2C=C(C=CC2=C1)OC3=CC4=CC=CC=C4C=C3
61,2-naphthol,C1=CC=C2C=C(C=CC2=C1)O
62,4-chlorotoluene,CC1=CC=C(C=C1)Cl
63,caffeine,CN1C=NC2=C1C(=O)N(C(=O)N2C)C
64,cortisone,C[C@]12CCC(=O)C=C1CC[C@@H]3[C@@H]2C(=O)C[C@]4([C@H]3CC[C@@]4(C(=O)CO)O)C
65,dipropylphthalate,CCCOC(=O)C1=CC=CC=C1C(=O)OCCC
66,N-benzylformamide,C1=CC=C(C=C1)CNC=O
67,o-cresol,CC1=CC=CC=C1O
68,pyrene,C1=CC2=C3C(=C1)C=CC4=CC=CC(=C43)C=C2
69,"1,3-dinitrobenzene",C1=CC(=CC(=C1)[N+](=O)[O-])[N+](=O)[O-]
70,Phenanthrene,C1=CC=C2C(=C1)C=CC3=CC=CC=C32
71,phenol,C1=CC=C(C=C1)O
72,prednisone,C[C@]12CC(=O)[C@H]3[C@H]([C@@H]1CC[C@@]2(C(=O)CO)O)CCC4=CC(=O)C=C[C@]34C
73,p-xylene,CC1=CC=C(C=C1)C
74,"N,N-dimethylbenzamide",CN(C)C(=O)C1=CC=CC=C1
75,"N,N-diethylbenzamide",CCN(CC)C(=O)C1=CC=CC=C1
76,p-cresol,CC1=CC=C(C=C1)O
77,1-nitropropane,CCC[N+](=O)[O-]
78,chlorobenzene,C1=CC=C(C=C1)Cl
79,Triphenylene,C1=CC=C2C(=C1)C3=CC=CC=C3C4=CC=CC=C24
80,o-Terphenyl,C1=CC=C(C=C1)C2=CC=CC=C2C3=CC=CC=C3
81,1-naphthylamine,C1=CC=C2C(=C1)C=CC=C2N
82,2-nitrobenzoicacid,C1=CC=C(C(=C1)C(=O)O)[N+](=O)[O-]
83,pyridine,C1=CC=NC=C1
84,reserpine,CO[C@H]1[C@@H](C[C@@H]2CN3CCC4=C([C@H]3C[C@@H]2[C@@H]1C(=O)OC)NC5=C4C=CC(=C5)OC)OC(=O)C6=CC(=C(C(=C6)OC)OC)OC
85,fenoprofen,CC(C1=CC(=CC=C1)OC2=CC=CC=C2)C(=O)O
86,Nicardipine,CC1=C(C(C(=C(N1)C)C(=O)OCCN(C)CC2=CC=CC=C2)C3=CC(=CC=C3)[N+](=O)[O-])C(=O)OC
87,aceclofenac,C1=CC=C(C(=C1)CC(=O)OCC(=O)O)NC2=C(C=CC=C2Cl)Cl
