"variable","mean","median","sd","mad","q5","q95","rhat","ess_bulk","ess_tail"
"logkw_hat",3.16117193435,3.16433035,0.148865518835477,0.141758799,2.91171217,3.40176352,1.00965510234816,464.502277865642,1199.98680252674
"S1_hat",3.948875903925,3.9517332,0.124449065470334,0.1188615246,3.74262884,4.14662023,1.00675279327857,421.684521554171,841.369514556309
"logS2_hat",0.32338299042,0.323124075,0.0325000461841862,0.033186110685,0.2699521565,0.3756234065,1.00319955500236,1054.81303980298,2205.48854291303
"fid_hat",0.0120711463189716,0.0148279665,0.00905427057060844,0.0066627910566,-0.00670183397,0.02122344665,1.00469613007108,1638.39270063658,2491.04368995211
"alpha_hat",4.732614796125,4.73254355,0.0621377055653879,0.0631564619700004,4.63160985,4.83645074,1.00002669312379,3127.43454628284,3520.15775605676
"dlogkw_hat",-2.3795255041,-2.3794264,0.0828688204111458,0.0807187485300001,-2.513009535,-2.24651048,1.00101549973266,2053.91369560631,2613.11151790603
"dS1_hat",2.159345496275,2.15838265,0.250537297963814,0.24548238456,1.75076881,2.5687261,1.003885087281,3706.87018160108,2778.99848593128
"dlogS2_hat",-0.8619173294475,-0.861756955,0.054483870392033,0.053320055901,-0.9518033335,-0.7720078755,1.00407623346438,1851.12580876966,2760.96866641851
"gamma_hat",3.064047275775,3.08773965,0.412231993540135,0.41600006532,2.36098498,3.707994105,1.00274931078781,2733.75054154228,2817.55939910223
"beta_a_hat[1]",0.8307343083275,0.83099349,0.0554239298114129,0.053708267298,0.740212704,0.921859647,1.01134895166074,468.498056158398,697.486915966483
"beta_a_hat[2]",0.7400127906975,0.73955821,0.0538053012969494,0.052563848358,0.6518453025,0.828302633,1.00849418493118,553.88662584605,739.223909903918
"beta_c_hat[1]",0.736271500472602,0.73698312,0.221388707301126,0.210868292859,0.3695413425,1.097934715,1.00221511395118,4885.41309709656,2821.35067612248
"beta_c_hat[2]",0.543006545386475,0.5468427,0.184714135358413,0.183874268487,0.2395685545,0.8505398505,1.00264698400465,3934.5913711551,2780.38095951779
"beta_c_hat[3]",0.280537252878425,0.277331395,0.095232633938449,0.091075569438,0.128071938,0.441926137,1.00399520469405,2635.67087764667,2477.00886226994
"omega_a[1]",0.9920858812275,0.98784096,0.0711263720241931,0.071843808561,0.8829345935,1.11377009,1.01223047399117,698.474761682164,1335.23245244349
"omega_a[2]",0.915700610125,0.91357104,0.0691530720799342,0.068786123973,0.8074629355,1.031655845,1.01290914446852,708.572457191091,1679.65809302654
"omega_a[3]",0.345018226315,0.34413164,0.0250178714526766,0.024490461534,0.3057171185,0.3876014445,1.00776252287897,722.832086764489,1391.45334017275
"omega_c[1]",0.426174629735,0.414547645,0.0881896320327364,0.081265227477,0.3069573515,0.587176214,1.0033017329186,2537.58008861879,2549.82662481907
"omega_c[2]",0.300703928135,0.29267433,0.0609646386736397,0.057311934162,0.2170468335,0.4135685895,1.00222473770369,2378.97980878057,2819.91052477597
"omega_c[3]",0.10105087003525,0.098430009,0.0206767545495311,0.0192367453782,0.0720438818,0.1384992915,1.00136480450788,2691.60922106495,3033.26733059006
"omega_c[4]",1.264422655325,1.2441075,0.272134325631315,0.27385645749,0.8529404655,1.735210405,1.00056315690809,3516.12942338556,3076.6588654538
"omega_c[5]",0.011942497371825,0.0094545886,0.0081973515778114,0.00596616490806,0.003712350085,0.02844349165,1.004135795252,1954.46738852691,3038.6157103895
"omega_c[6]",0.2106394137275,0.20699043,0.0387261669434562,0.03742178769,0.152510078,0.2800715235,1.00113837225721,3164.19212996755,2746.88145450721
"omega_c[7]",0.465998469495,0.465445025,0.0694260975195242,0.068705085057,0.35336759,0.5815247645,1.00203212499822,3650.08524218654,2300.17333425392
"omega_c[8]",0.16239544502175,0.158412385,0.0325747068472898,0.031872126783,0.1160265635,0.221183396,1.00082981129458,3865.33140546684,3237.94469543343
"m_logomega_d[1]",-1.7850142501725,-1.7892441,0.199338201418503,0.18959748255,-2.103949735,-1.44481446,1.00627773585551,1391.21712673146,1649.50847135771
"m_logomega_d[2]",-2.006281283625,-2.0102568,0.183556576151151,0.17817012066,-2.29696453,-1.698432845,1.00265312424205,2226.5208316588,2273.17749499139
"m_logomega_d[3]",-2.7095769630925,-2.725199,0.399761809738187,0.38442001815,-3.33609623,-2.031726505,1.00465658169004,2062.49260561385,2702.64956091186
"sd_logomega_d[1]",0.7126428989575,0.692160515,0.143203878280527,0.132005804007,0.5217679985,0.972757134,1.00109846340276,1989.75580568096,2721.43377427219
"sd_logomega_d[2]",0.63528297169,0.613617875,0.131493568995604,0.118504803627,0.4573087485,0.8761681515,0.999973565435325,2931.89244796226,2665.02203421699
"sd_logomega_d[3]",1.43973800846,1.39816765,0.306043612890174,0.2823115029,1.023853395,1.992407295,1.00364604927745,1718.92412449201,2662.46251782165
"rho_a[1,1]",1,1,0,0,1,1,NA,NA,NA
"rho_a[2,1]",0.938189647125,0.93965958,0.0142758450042487,0.0133617916530001,0.91176506,0.9583798845,1.00844550237741,884.953286837671,1804.42939246879
"rho_a[3,1]",0.444635396515,0.449991195,0.0773190266123941,0.077662272261,0.3094717835,0.562784238,1.00767499323664,798.221498997343,1292.84452580874
"rho_a[1,2]",0.938189647125,0.93965958,0.0142758450042487,0.0133617916530001,0.91176506,0.9583798845,1.00844550237741,884.953286837671,1804.42939246879
"rho_a[2,2]",1,1,0,0,1,1,NA,NA,NA
"rho_a[3,2]",0.35133431199825,0.35541339,0.0843188686791285,0.08485549905,0.2049542775,0.4836019685,1.01157791123213,646.167101499921,1462.33490736268
"rho_a[1,3]",0.444635396515,0.449991195,0.0773190266123941,0.077662272261,0.3094717835,0.562784238,1.00767499323664,798.221498997343,1292.84452580874
"rho_a[2,3]",0.35133431199825,0.35541339,0.0843188686791285,0.08485549905,0.2049542775,0.4836019685,1.01157791123213,646.167101499921,1462.33490736268
"rho_a[3,3]",1,1,0,0,1,1,NA,NA,NA
"rho_c[1,1]",1,1,0,0,1,1,NA,NA,NA
"rho_c[2,1]",0.82898312192,0.8473756,0.0945385178570361,0.0865927059479999,0.6534015605,0.94580496,1.00156838642374,2753.67483968504,2546.92074911212
"rho_c[3,1]",0.70891481467,0.727250215,0.123435584252835,0.12176386236,0.477400846,0.8816181275,1.00233423864506,3606.95680928931,2759.68674522996
"rho_c[1,2]",0.82898312192,0.8473756,0.0945385178570361,0.0865927059479999,0.6534015605,0.94580496,1.00156838642374,2753.67483968504,2546.92074911212
"rho_c[2,2]",1,1,0,0,1,1,NA,NA,NA
"rho_c[3,2]",0.743755071645,0.76253409,0.115548077114927,0.112412614902,0.531155528,0.899103161,1.00039890198822,3099.90860874531,2548.16832107216
"rho_c[1,3]",0.70891481467,0.727250215,0.123435584252835,0.12176386236,0.477400846,0.8816181275,1.00233423864506,3606.95680928931,2759.68674522996
"rho_c[2,3]",0.743755071645,0.76253409,0.115548077114927,0.112412614902,0.531155528,0.899103161,1.00039890198822,3099.90860874531,2548.16832107216
"rho_c[3,3]",1,1,0,0,1,1,NA,NA,NA
"rho_d[1,1]",1,1,0,0,1,1,NA,NA,NA
"rho_d[2,1]",0.430138685829688,0.443990375,0.189947812352713,0.190764259098,0.08555770205,0.7141975375,1.00052205051231,3573.88118878978,2998.84928061647
"rho_d[3,1]",0.594501766501475,0.618375675,0.17251392722864,0.170267032404,0.274870069,0.8344119615,1.00199422381134,3544.01951512988,2951.17077087774
"rho_d[1,2]",0.430138685829688,0.443990375,0.189947812352713,0.190764259098,0.08555770205,0.7141975375,1.00052205051231,3573.88118878978,2998.84928061647
"rho_d[2,2]",1,1,0,0,1,1,NA,NA,NA
"rho_d[3,2]",0.446272061209265,0.466737515,0.184330287029774,0.190212279705,0.122054121,0.7112569185,0.999612279062173,3745.18260052817,3345.58547885033
"rho_d[1,3]",0.594501766501475,0.618375675,0.17251392722864,0.170267032404,0.274870069,0.8344119615,1.00199422381134,3544.01951512988,2951.17077087774
"rho_d[2,3]",0.446272061209265,0.466737515,0.184330287029774,0.190212279705,0.122054121,0.7112569185,0.999612279062173,3745.18260052817,3345.58547885033
"rho_d[3,3]",1,1,0,0,1,1,NA,NA,NA
"sigma",0.0207151967305,0.020710638,0.000218031438367344,0.000217234999799999,0.0203572434,0.02107816125,1.00292686050607,1455.70115847357,2583.49520927921
